Fecha,Casos nuevos con sintomas,Casos totales,Casos recuperados,Fallecidos,Casos activos,Casos nuevos sin sintomas,Casos nuevos totales,Casos activos por FD,Casos activos por FIS,Casos recuperados por FIS,Casos recuperados por FD,Casos confirmados recuperados,Casos activos confirmados,Casos probables acumulados,Casos activos probables,Casos nuevos sin notificar,Casos confirmados por antigeno,Casos con sospecha de reinfeccion,Casos nuevos confirmados por antigeno
13/04/2020,312,7525,2367,82,429,,312,5076,,,2367,,,,,,,,
14/04/2020,392,7917,2646,92,531,,392,5179,,,2646,,,,,,,,
15/04/2020,356,8273,2937,94,623,,356,5242,,,2937,,,,,,,,
16/04/2020,534,8807,3299,105,734,,534,5403,,,3299,,,,,,,,
17/04/2020,445,9252,3621,116,903,,445,5515,,,3621,,,,,,,,
18/04/2020,478,9730,4035,126,1117,,478,5569,,,4035,,,,,,,,
19/04/2020,358,10088,4338,133,1269,,358,5617,,,4338,,,,,,,,
20/04/2020,419,10507,4676,139,1562,,419,5692,,,4676,,,,,,,,
21/04/2020,325,10832,4969,147,1842,,325,5716,,,4969,,,,,,,,
22/04/2020,464,11296,5386,160,2057,,464,5750,,,5386,,,,,,,,
23/04/2020,516,11812,5804,168,2285,,516,5840,,,5804,,,,,,,,
24/04/2020,494,12306,6327,174,2525,,494,5805,,,6327,,,,,,,,
25/04/2020,552,12858,6746,181,2781,,552,5931,,,6746,,,,,,,,
26/04/2020,473,13331,7024,189,3051,,473,6118,,,7024,,,,,,,,
27/04/2020,482,13813,7327,198,3288,,482,6288,,,7327,,,,,,,,
28/04/2020,552,14365,7710,207,3606,,552,6448,,,7710,,,,,,,,
29/04/2020,520,15135,8057,216,3820,250,770,6862,,,8057,,,,,,,,
30/04/2020,780,16023,8580,227,4050,108,888,7216,,,8580,,,,,,,,
01/05/2020,882,17008,9018,234,4175,103,985,7756,,,9018,,,,,,,,
02/05/2020,1246,18435,9572,247,4383,181,1427,8616,,,9572,,,,,,,,
03/05/2020,1112,19663,10041,260,4641,116,1228,9362,,,10041,,,,,,,,
04/05/2020,876,20643,10415,270,4865,104,980,9958,,,10415,,,,,,,,
05/05/2020,1317,22016,10710,275,4990,56,1373,11031,,,10710,,,,,,,,
06/05/2020,893,23048,11189,281,5074,139,1032,11578,,,11189,,,,,,,,
07/05/2020,1343,24581,11664,285,5076,190,1533,12632,,,11664,,,,,,,,
08/05/2020,1183,25972,12160,294,5379,208,1391,13518,,,12160,,,,,,,,
09/05/2020,1004,27219,12667,304,5542,243,1247,14248,,,12667,,,,,,,,
10/05/2020,1406,28866,13112,312,5703,241,1647,15442,,,13112,,,,,,,,
11/05/2020,975,30063,13605,323,6015,222,1197,16135,,,13605,,,,,,,,
12/05/2020,1479,31721,14125,335,6456,179,1658,17261,,,14125,,,,,,,,
13/05/2020,2152,34381,14865,346,6817,508,2660,19170,,,14865,,,,,,,,
14/05/2020,2301,37040,15655,368,7292,358,2659,21017,,,15655,,,,,,,,
15/05/2020,2112,39542,16614,394,7416,390,2502,22534,,,16614,,,,,,,,
16/05/2020,1573,41428,18014,421,7750,313,1886,22993,,,18014,,,,,,,,
17/05/2020,2024,43781,19213,450,7940,329,2353,24118,,,19213,,,,,,,,
18/05/2020,2018,46059,20165,478,8005,260,2278,25416,,,20165,,,,,,,,
19/05/2020,3099,49579,21507,509,8231,421,3520,27563,,,21507,,,,,,,,
20/05/2020,3647,53617,22504,544,8318,391,4038,30569,,,22504,,,,,,,,
21/05/2020,3538,57581,23992,589,8488,426,3964,33000,,,23992,,,,,,,,
22/05/2020,3863,61857,25342,630,8748,413,4276,31569,,,25342,,,,,,,,
23/05/2020,3237,65393,26546,673,8962,299,3536,33174,,,26546,,,,,,,,
24/05/2020,3343,69102,28148,718,9016,366,3709,34236,,,28148,,,,,,,,
25/05/2020,4428,73997,29302,761,9356,467,4895,36934,,,29302,,,,,,,,
26/05/2020,3618,77961,30915,806,9516,346,3964,46240,,,30915,,,,,,,,
27/05/2020,3956,82289,33540,841,9762,372,4328,47908,,,33540,,,,,,,,
28/05/2020,4128,86943,36115,890,9958,526,4654,49938,,,36115,,,,,,,,
29/05/2020,3355,90638,38598,944,11031,340,3695,51096,,,38598,,,,,,,,
30/05/2020,3736,94858,40431,997,11578,484,4220,53430,,,40431,,,,,,,,
31/05/2020,4437,99688,42727,1054,12632,393,4830,55907,,,42727,,,,,,,,
01/06/2020,5082,105159,44946,1113,13518,389,5471,59100,,,44946,,,,,,,,
02/06/2020,3206,108686,,1188,14248,321,3527,59107,,,48391,,,,,,,,
03/06/2020,4537,113628,,1275,15442,405,4942,60011,,,52342,,,,,,,,
04/06/2020,4172,118292,,1356,16135,492,4664,60711,,,56225,,,,,,,,
05/06/2020,3790,122499,,1448,17261,417,4207,60642,,,60409,,,,,,,,
06/06/2020,4888,127745,,1541,19170,358,5246,62352,,,63852,,,,,,,,
07/06/2020,5760,134150,,2190,21017,645,6405,65048,,,66912,,,,,,,,
08/06/2020,4237,138846,,2264,22534,459,4696,64849,,,71733,,,,,,,,
09/06/2020,3587,142759,,2283,22993,326,3913,64798,,,75678,,,,,,,,
10/06/2020,5226,148496,,2475,24118,511,5737,66207,,,79814,,,,,,,,
11/06/2020,5089,154092,,2648,25416,507,5596,67149,,,84295,,,,,,,,
12/06/2020,6217,160846,,2870,27563,537,6754,70208,,,87768,,,,,,,,
13/06/2020,5969,167355,,3101,29569,540,6509,72497,,,91757,,,,,,,,
14/06/2020,6368,174293,,3323,32000,570,6938,74605,,,96365,,,,,,,,
15/06/2020,4660,179436,,3362,33085,483,5143,74277,,,101797,,,,,,,,
16/06/2020,4498,184449,,3383,33685,515,5013,75763,,,105303,,,,,,,,
17/06/2020,4320,220628,,3615,33885,437,4757,75346,,,141667,,,,,,,,
18/06/2020,4060,225103,,3841,34174,383,4475,106811,,,114451,,,,,,,,
19/06/2020,5016,231393,,4093,33692,599,6290,108894,,,118406,,,,,,,,
20/06/2020,4564,236748,,4295,34592,418,5355,109003,,,123450,,,,,,,,
21/06/2020,4181,242355,,4479,35692,594,5607,108205,37307,200569,129671,200569,37307,21897,10482,,,,
22/06/2020,3710,246963,,4502,34834,399,4608,108117,37064,205397,134344,205397,37064,22307,10029,,,,
23/06/2020,3078,250767,,4505,35692,336,3804,108008,35692,210570,138254,210570,35692,24881,9403,,,,
24/06/2020,3020,254416,,4731,34592,264,3649,105920,34592,215093,143765,215093,34592,26184,9674,,,,
25/06/2020,3778,259064,,4903,34834,423,4648,104972,34834,219327,149189,219327,34834,27193,9646,,,,
26/06/2020,3422,263360,,5068,34861,413,4296,102514,34861,223431,155778,223431,34861,28133,9720,,,,
27/06/2020,3481,267766,,5347,34364,426,4406,100411,34364,228055,162008,228055,34364,29019,9659,,,,
28/06/2020,3396,271982,,5509,34263,402,4216,97689,34263,232210,168784,232210,34263,29733,9595,,,,
29/06/2020,3092,275999,,5575,34270,432,4017,96563,34270,236154,173861,236016,34270,30362,9320,,,,
30/06/2020,2690,279393,,5688,32476,338,3394,94944,32476,241229,178761,241229,32476,30582,8385,,,,
01/07/2020,2134,282043,,5753,33695,300,2650,61415,30847,245443,214875,245443,30847,30980,7806,,,,
02/07/2020,2042,284541,,5920,35374,230,2498,59438,29374,249247,219183,249247,29374,32013,7921,,,,
03/07/2020,2703,288089,,6051,33695,322,3548,56696,28695,253343,225342,253343,28695,32578,7543,,,,
04/07/2020,2951,291847,,6192,34210,371,3758,55099,28210,257445,230556,257445,28210,33933,7986,,,,
05/07/2020,2852,295532,,6308,31194,438,3685,53177,28194,261030,236047,261032,28194,34651,7785,,,,
06/07/2020,2354,298557,,6384,32364,404,3025,51594,27804,264369,240579,264371,27804,34901,7263,,,,
07/07/2020,1946,301019,,6434,34563,266,2462,50252,26340,268245,244333,268245,26340,35134,6536,,,,
08/07/2020,1638,303083,,6573,33270,265,2064,48667,24807,271703,247843,271703,24807,35905,6513,,,,
09/07/2020,2395,306216,,6682,32876,432,3133,47152,24612,274922,252382,274922,24612,36640,6518,,,,
10/07/2020,2392,309274,,6781,31847,460,3058,45914,24440,278053,256579,278053,24440,37400,6633,,,,
11/07/2020,2219,312029,,6881,32885,405,2755,44263,24008,281140,260885,280161,24008,38090,6609,,,,
12/07/2020,2371,315041,,6979,31985,389,3012,43059,24166,283896,265003,283902,24166,38724,6637,,,,
13/07/2020,1985,317657,,7024,31569,451,2616,41658,24077,286556,268975,286556,24077,39038,6321,,,,
14/07/2020,1444,319493,,7069,32000,244,1836,40100,23205,289219,272324,289220,23205,39219,5800,,,,
15/07/2020,1400,321205,,7186,33885,186,1712,39162,21934,292085,274857,292085,21934,39270,5601,,,,
16/07/2020,1949,323698,,7290,33174,367,2475,39157,21107,295301,277251,295301,21107,38833,5390,,,,
17/07/2020,2125,326539,,8347,33885,545,2840,38450,21378,296814,279742,296814,21378,40056,4922,,,,
18/07/2020,1624,328846,,8445,32174,373,2185,36999,20952,299449,283402,299449,20952,39477,4227,188,,,
19/07/2020,1615,330930,,8503,33885,359,2082,35398,20633,301794,287029,301794,20633,38695,3487,108,,,
20/07/2020,1599,333029,,8633,32476,340,2099,34472,20404,303992,289924,303992,20404,38294,2743,160,,,
21/07/2020,1342,334683,,8677,30847,230,1656,33664,19190,306816,292342,306816,19190,39828,2414,84,,,
22/07/2020,1391,336402,,8722,29374,238,1741,33319,18439,309241,294361,309241,18439,39568,1853,112,,,
23/07/2020,1841,338759,,8838,28695,379,2371,32543,18490,311431,297378,311431,18490,39282,1511,151,,,
24/07/2020,2005,341304,,8914,28210,373,2545,32030,18694,313696,300360,313696,18694,39930,1305,167,,,
25/07/2020,1752,343592,,9020,28194,399,2287,31563,18403,316169,303009,316169,18403,39757,1076,136,,,
26/07/2020,1620,345790,,9112,27804,449,2198,30749,18583,318095,305929,318095,18583,39686,887,129,,,
27/07/2020,1475,347923,,9187,26340,487,2133,30266,18782,319954,308470,319954,18782,39662,730,171,,,
28/07/2020,1236,349800,,9240,24807,462,1876,30307,18228,322332,310253,322332,18228,39625,640,178,,,
29/07/2020,1294,351575,,9278,24612,346,1773,30370,17740,324557,311927,324557,17740,39554,629,133,,,
30/07/2020,1428,353536,,9377,24440,388,1948,29838,17531,326628,314321,326628,17531,39523,616,132,,,
31/07/2020,1540,355667,,9457,24008,450,2123,29128,17883,328327,317082,328327,17883,39594,654,133,,,
01/08/2020,1426,357658,,9533,24166,440,1979,28812,17621,330504,319313,330507,17621,39616,645,113,,,
02/08/2020,1482,359731,,9608,24077,473,2081,28801,17712,332411,321322,332411,17712,39600,665,126,,,
03/08/2020,1119,361493,,9707,23205,527,1762,28464,17810,333976,323322,333976,17810,39649,622,116,,,
04/08/2020,1049,362962,,9745,21934,350,1462,28279,16887,336330,324938,336330,16887,39638,547,63,,,
05/08/2020,1216,364723,,9792,21107,482,1781,28321,16640,338291,326610,338291,16640,40683,1207,83,,,
06/08/2020,1383,366671,,9889,21378,403,1947,27912,16614,340168,328870,340168,16614,41400,1625,161,,,
07/08/2020,1479,368825,,9958,20952,570,2149,27521,16699,342168,331346,342168,16699,42049,2028,100,,,
08/08/2020,1511,371023,,10011,20633,604,2201,27431,16880,344132,333581,344133,16880,42506,2298,86,,,
09/08/2020,1452,373056,,10077,20404,502,2036,27266,17153,345826,335713,345826,17153,42999,2638,82,,,
10/08/2020,1319,375044,,10139,19190,605,1988,27121,17563,347342,337784,347342,17563,43152,2669,64,,,
11/08/2020,1061,376616,,10178,18439,424,1566,26816,16897,349541,339622,349541,16897,43300,2625,81,,,
12/08/2020,1071,378168,,10205,18490,421,1540,26593,16544,351419,341370,351419,16544,43921,2970,48,,,
13/08/2020,1343,380034,,10299,18694,425,1852,26498,16604,353131,343237,353131,16604,44501,3247,84,,,
14/08/2020,1396,382111,,10340,18403,616,2077,26444,16734,355037,345327,355037,16734,44984,3535,65,,,
15/08/2020,1158,383902,,10395,18583,552,1777,26244,16556,356951,347263,356951,16556,45327,3641,67,,,
16/08/2020,1383,385946,,10452,18782,634,2086,26215,16666,358828,349279,358828,16666,45731,3702,69,,,
17/08/2020,1012,387502,,10513,18228,480,1556,26009,16604,360385,350980,360385,16604,45818,3489,64,,,
18/08/2020,846,388855,,10546,17740,443,1336,25893,15869,362440,352416,362440,15869,45939,3184,47,,,
19/08/2020,876,390037,,10578,17531,316,1233,25314,15174,364285,354145,364285,15174,46333,3210,41,,,
20/08/2020,1265,391849,,10671,17883,453,1813,25178,15116,366062,356000,366063,15116,46657,3189,95,,,
21/08/2020,1328,393769,,10723,17621,496,1920,24944,15149,367897,358102,367897,15149,47054,3290,96,,,
22/08/2020,1267,395708,,10792,17712,600,1926,24685,15186,369730,360231,369730,15186,47408,3333,59,,,
23/08/2020,1315,397665,,10852,17810,554,1942,24609,15634,371179,362204,371179,15634,47879,3459,73,,,
24/08/2020,1265,399568,,10916,16887,580,1903,24524,16188,372464,364128,372464,16188,47959,3240,58,,,
25/08/2020,887,400985,,10958,16640,473,1406,24369,15564,374463,365658,374463,15564,48096,2933,46,,,
26/08/2020,993,402365,,10990,16614,316,1371,24197,15107,376268,367178,376268,15107,48588,3074,62,,,
27/08/2020,1197,404102,,11072,16699,450,1739,24068,15108,377922,368962,377922,15108,48517,2728,92,,,
28/08/2020,1227,405972,,11132,16880,543,1868,23861,15388,379452,370979,379452,15388,49622,3518,98,,,
29/08/2020,1330,408009,,11181,17153,645,2033,24107,15645,381183,372721,381183,15645,49954,3595,58,,,
30/08/2020,1277,409974,,11244,17563,616,1966,24028,16146,382584,374702,382584,16146,50424,3771,73,,,
31/08/2020,1177,411726,,11289,16897,507,1753,24224,16558,383879,376213,383879,16558,50502,3581,69,,,
01/09/2020,926,413145,,11321,16544,436,1415,24290,16034,385790,377534,385790,16034,50638,3331,53,,,
02/09/2020,1114,414739,,11344,16604,418,1582,24702,15712,387683,378693,387683,15712,51161,3543,50,,,
03/09/2020,1275,416501,,11422,16734,404,1758,24652,15670,389409,380427,389409,15670,51643,3709,79,,,
04/09/2020,1319,418469,,11494,16556,565,1965,24700,15727,391248,382275,391248,15727,52067,3764,81,,,
05/09/2020,1368,420434,,11551,16666,538,1961,24726,15916,392967,384157,392967,15916,52526,3858,55,,,
06/09/2020,1364,422510,,11592,16604,631,2077,24845,16519,394399,386073,394399,16519,52914,3872,82,,,
07/09/2020,1175,424274,,11652,16905,545,1764,24706,16905,395717,387916,395717,16905,53132,3731,44,,,
08/09/2020,839,425541,,11682,16129,397,1263,24556,16129,397730,389303,397730,16129,53226,3437,27,,,
09/09/2020,1048,427027,,11702,15770,402,1482,24662,15770,399555,390663,399555,15770,53734,3595,32,,,
10/09/2020,1139,428669,,11781,15532,452,1639,24567,15532,401356,392321,401356,15532,54253,3744,48,,,
11/09/2020,1304,430535,,11850,15621,509,1860,24563,15621,403064,394122,403064,15621,54742,3868,47,,,
12/09/2020,1407,432666,,11895,15852,667,2135,24657,15852,404919,396114,404919,15852,55177,4015,61,,,
13/09/2020,1413,434748,,11949,16473,592,2082,24774,16473,406326,398025,406326,16473,55551,4082,77,,,
14/09/2020,1064,436433,,12013,16695,561,1685,24707,16695,407725,399713,407725,16695,55702,3915,60,,,
15/09/2020,1025,437983,,12040,15999,479,1536,24838,15999,409944,401105,409944,15999,55769,3525,32,,,
16/09/2020,918,439287,,12058,15377,353,1305,24548,15377,411852,402681,411853,15377,56269,3658,34,,,
17/09/2020,1283,441150,,12142,15080,540,1860,24649,15080,413928,404359,413928,15080,56677,3657,37,,,
18/09/2020,1097,442827,,12199,14647,510,1673,24358,14647,415981,406270,415981,14647,57015,3627,66,,,
19/09/2020,1230,444674,,12254,14319,576,1848,24240,14319,418101,408180,418101,14319,57317,3543,42,,,
20/09/2020,1048,446274,,12286,14242,485,1600,23764,14242,419746,410224,419746,14242,57350,3245,67,,,
21/09/2020,832,447468,,12298,14059,337,1194,23194,14059,421111,411976,421111,14059,57464,3018,25,,,
22/09/2020,814,448523,,12321,13026,219,1054,22982,13026,423176,413220,423176,13026,57610,2773,21,,,
23/09/2020,1016,449903,,12345,12393,325,1372,22876,12393,425165,414682,425165,12393,58110,2891,31,,,
24/09/2020,1282,451634,,12469,12289,395,1731,22965,12289,426876,416200,426876,12289,58624,3071,54,,,
25/09/2020,1475,453868,,12527,12761,694,2222,23333,12761,428580,418008,428580,12761,59096,3192,53,,,
26/09/2020,1458,455979,,12591,13129,594,2109,23313,13129,430259,420075,430259,13129,59645,3372,57,,,
27/09/2020,1233,457901,,12641,13556,616,1923,23153,13556,431704,422107,431704,13556,60090,3491,74,,,
28/09/2020,1112,459671,,12698,13957,601,1770,23238,13957,433016,423735,433016,13957,60293,3419,57,,,
29/09/2020,1036,461300,,12725,13781,552,1622,23317,13781,434794,425258,434794,13781,60357,3147,34,,,
30/09/2020,1185,462991,,12741,13661,449,1684,23704,13661,436589,426546,436589,13661,60824,3315,50,,,
01/10/2020,1198,464750,,12822,13780,511,1760,23600,13780,438148,428328,438148,13780,61268,3509,51,,,
02/10/2020,1208,466590,,12867,14116,585,1839,23763,14116,439607,429960,439607,14116,61629,3604,46,,,
03/10/2020,1184,468471,,12919,14671,605,1880,23797,14671,440881,431755,440881,14671,61808,3512,91,,,
04/10/2020,1016,470179,,12979,15130,630,1708,23905,15130,442070,433295,442070,15130,62033,3443,62,,,
05/10/2020,984,471746,,13037,15256,481,1567,24278,15256,443453,434431,443453,15256,62112,3172,102,,,
06/10/2020,1019,473306,,13070,14818,500,1554,24783,14818,445418,435453,445418,14818,62178,2833,35,,,
07/10/2020,803,474440,,13090,14297,309,1131,24537,14297,447053,436813,447053,14297,62654,2967,19,,,
08/10/2020,1104,476016,,13167,14139,440,1575,24382,14139,448710,438467,448710,14139,62937,2924,31,,,
09/10/2020,1228,477769,,13220,14252,492,1750,23901,14252,450297,440648,450297,14252,63282,2955,30,,,
10/10/2020,1200,479595,,13272,14269,581,1824,23616,14269,452054,442707,452054,14269,63613,2986,43,,,
11/10/2020,1132,481371,,13318,14701,562,1776,23470,14701,453352,444583,453352,14701,63927,3008,82,,,
12/10/2020,941,482888,,13379,15025,525,1517,23217,15025,454484,446292,454484,15025,64021,2816,51,,,
13/10/2020,898,484280,,13396,14385,462,1392,22980,14385,456499,447904,456499,14385,64116,2573,32,,,
14/10/2020,822,485372,,13415,13884,256,1089,22381,13884,458073,449576,458073,13884,64189,2446,11,,,
15/10/2020,889,486496,,13434,13526,210,1122,21746,13526,459536,451316,459536,13526,64577,2583,23,,,
16/10/2020,1141,488190,,13529,13564,510,1689,21600,13564,461097,453061,461097,13564,64966,2735,38,,,
17/10/2020,1189,490003,,13588,13703,600,1811,21532,13703,462712,454883,462712,13703,65245,2781,22,,,
18/10/2020,1149,491760,,13635,14182,591,1759,21581,14182,463943,456544,463943,14182,65536,2809,19,,,
19/10/2020,1034,493305,,13676,14608,476,1545,21559,14608,465021,458070,465021,14608,65630,2670,35,,,
20/10/2020,726,494478,,13702,14049,345,1099,21172,14049,466727,459604,466643,14049,65715,2448,28,,,
21/10/2020,830,495637,,13719,13565,311,1152,21197,13565,468353,460721,468269,13565,66056,2545,11,,,
22/10/2020,1030,497131,,13792,13490,428,1495,21115,13490,469849,462224,469765,13490,66411,2657,37,,,
23/10/2020,1160,498906,,13844,13635,584,1773,21137,13635,471427,463925,471343,13635,66702,2714,29,,,
24/10/2020,1121,500542,,13892,9990,491,1631,20947,9990,476660,465703,476576,9990,67030,2063,19,,,
25/10/2020,1026,502063,,13944,9784,491,1540,20692,9784,478335,467427,478252,9784,67317,2093,23,,,
26/10/2020,1010,503598,,14003,9634,472,1505,20710,9634,479961,468885,479877,9634,67400,1920,23,,,
27/10/2020,569,504525,,14026,9035,300,922,20245,9035,481464,470254,481379,9035,67462,1693,53,,,
28/10/2020,738,505530,,14032,8507,234,1004,20158,8507,482991,471340,482906,8507,67836,1827,32,,,
29/10/2020,1064,507050,,14118,8925,425,1519,20554,8925,484007,472378,483922,8925,68164,1908,30,,,
30/10/2020,965,508571,,14158,9176,535,1529,20381,9176,485237,474032,485152,9176,68378,1905,29,,,
31/10/2020,1077,510256,,14207,9121,579,1686,20253,9121,486928,475796,486642,9121,68675,1944,30,,,
01/11/2020,1031,511864,,14247,9164,548,1607,20104,9164,488453,477513,488166,9164,68933,1925,28,,,
02/11/2020,824,513188,,14302,9074,477,1314,19883,9074,489812,479003,489525,9074,69004,1775,13,,,
03/11/2020,688,514202,,14319,8776,308,1009,19724,8776,491107,480159,490820,8776,69046,1616,13,,,
04/11/2020,633,515042,,14340,8266,200,846,19405,8266,492436,481297,492149,8266,69402,1712,13,,,
05/11/2020,1044,516582,,14404,8640,458,1540,19451,8640,493538,482727,493250,8640,69672,1732,38,,,
06/11/2020,1145,518390,,14450,9346,605,1801,19484,9346,494594,484456,494303,9346,69879,1698,51,,,
07/11/2020,1026,519977,,14499,9334,519,1568,19435,9334,496144,486043,495852,9334,70171,1721,23,,,
08/11/2020,1058,521558,,14543,9311,514,1576,19495,9311,497704,487520,497411,9311,70468,1807,4,,,
09/11/2020,836,522879,,14588,9094,456,1318,19281,9094,499197,489010,498904,9094,70552,1658,26,,,
10/11/2020,687,523907,,14611,8861,371,1083,19382,8861,500435,489914,500142,8861,70608,1535,25,,,
11/11/2020,636,524804,,14633,8451,253,904,19274,8451,501720,490897,501426,8451,70979,1721,15,,,
12/11/2020,1145,526438,,14699,8968,468,1631,19388,8968,502771,492351,502475,8968,71251,1804,18,,,
13/11/2020,1012,528030,,14738,9454,543,1592,19459,9454,503838,493833,503540,9454,71503,1853,37,,,
14/11/2020,1093,529676,,14777,9358,536,1644,19420,9358,505541,495479,505243,9358,71790,1857,15,,,
15/11/2020,1029,531273,,14819,9455,545,1597,19409,9455,506999,497045,506700,9455,72024,1849,23,,,
16/11/2020,848,532604,,14863,9374,447,1331,19416,9374,508367,498325,508067,9374,72116,1729,36,,,
17/11/2020,656,533610,,14883,9025,317,1003,19408,9025,509702,499319,509401,9025,72204,1594,30,,,
18/11/2020,697,534558,,14897,8592,242,945,19516,8592,511069,500145,510766,8592,72597,1760,6,,,
19/11/2020,1051,536012,,14955,8880,386,1455,19430,8880,512177,501627,511874,8880,72953,1892,18,,,
20/11/2020,1071,537585,,15003,9351,479,1573,19195,9351,513231,503387,512927,9351,73244,1982,23,,,
21/11/2020,1019,539143,,15030,9224,502,1550,19166,9224,514889,504947,514584,9224,73506,1968,29,,,
22/11/2020,961,540640,,15069,9145,522,1497,19082,9145,516426,506489,516121,9145,73795,2026,14,,,
23/11/2020,903,542080,,15106,9144,505,1440,19201,9144,517830,507773,517524,9144,73858,1860,32,,,
24/11/2020,702,543087,,15131,8816,287,1005,19180,8816,519140,508776,518834,8816,73938,1705,16,,,
25/11/2020,780,544092,,15138,8468,218,1004,19288,8468,520486,509666,520180,8468,74346,1891,6,,,
26/11/2020,1082,545662,,15235,8872,469,1564,19224,8872,521555,511203,521247,8872,74661,1974,13,,,
27/11/2020,1014,547223,,15278,9379,537,1570,19193,9379,522566,512752,522259,9379,74942,2040,19,,,
28/11/2020,1133,548941,,15322,9519,575,1718,19265,9519,524100,514354,523792,9519,75190,2010,10,,,
29/11/2020,993,550430,,15356,9554,485,1489,19157,9554,525520,515917,525212,9554,75531,2109,11,,,
30/11/2020,884,551743,,15410,9418,410,1313,19139,9418,526915,517194,526604,9418,75606,1933,19,,,
01/12/2020,747,552864,,15430,9089,354,1119,19254,9089,528345,518180,528034,9089,75655,1748,18,,,
02/12/2020,773,553898,,15438,8647,245,1035,19340,8647,529813,519120,529501,8647,76018,1865,17,,,
03/12/2020,1079,555406,,15519,9104,409,1507,19394,9104,530783,520493,530470,9104,76383,1999,19,,,
04/12/2020,1155,557135,,15558,9719,552,1729,19550,9719,531858,522027,531543,9719,76697,2044,22,,,
05/12/2020,1014,558668,,15592,9509,494,1533,19525,9509,533567,523551,533250,9509,77021,2031,25,,,
06/12/2020,1078,560382,,15628,9646,583,1710,19742,9646,535108,525012,534789,9646,77120,1906,49,,,
07/12/2020,1132,562142,,15663,9892,583,1760,20062,9892,536587,526417,536267,9892,77350,1893,45,,,
08/12/2020,958,563534,,15680,9806,406,1389,20447,9806,538048,527407,537727,9806,77390,1726,25,,,
09/12/2020,945,564778,,15690,9596,287,1247,20686,9596,539492,528402,539171,9596,77802,1879,15,,,
10/12/2020,1128,566440,,15774,10057,517,1662,20778,10057,540609,529888,540288,10057,77925,1783,17,,,
11/12/2020,1112,567974,,15782,10526,399,1531,20751,10526,541666,531441,541345,10526,78366,2006,20,,,
12/12/2020,1281,569781,,15846,10530,491,1807,20840,10530,543405,533095,543083,10530,78715,2088,35,,,
13/12/2020,1427,571919,,15886,10887,684,2139,21489,10887,545146,534544,544822,10887,79067,2188,28,,,
14/12/2020,1243,573830,,15931,11035,647,1911,22087,11035,546864,535812,546538,11035,79177,2063,21,,,
15/12/2020,1064,575329,,15949,10864,412,1498,22465,10864,548516,536915,548190,10864,79270,1889,22,,,
16/12/2020,1052,576731,,15959,10594,330,1402,22833,10594,550178,537939,549852,10594,79817,2220,20,,,
17/12/2020,1414,578732,,16007,11199,535,1998,23326,11199,551526,539399,551200,11199,80295,2435,49,,,
18/12/2020,1551,581135,,16051,12468,809,2404,24000,12468,552616,541084,552289,12468,80694,2576,44,,,
19/12/2020,1517,583354,,16101,12591,666,2217,24686,12591,554662,542567,554333,12591,81093,2618,34,,,
20/12/2020,1411,585545,,16154,13105,740,2191,25163,13105,556286,544228,555956,13105,81363,2589,40,,,
21/12/2020,1276,587488,,16197,13047,614,1943,25346,13047,558244,545945,557913,13047,81496,2450,53,,,
22/12/2020,1086,589189,,16217,12794,576,1699,25655,12794,560178,547317,559845,12794,81608,2275,37,,,
23/12/2020,1281,590914,,16228,12561,414,1726,26136,12561,562125,548550,561794,12561,82085,2473,31,,,
24/12/2020,1598,593310,,16303,13214,741,2395,26870,13214,563793,550137,563457,13214,82518,2555,56,,,
25/12/2020,1597,595831,,16358,14133,860,2520,27857,14133,565340,551616,565002,14133,82871,2580,63,,,
26/12/2020,1618,598394,,16404,14275,864,2564,28613,14275,567715,553377,567376,14275,83082,2374,82,,,
27/12/2020,1105,600105,,16443,13745,565,1711,28186,13745,569917,555476,569578,13745,83161,2154,41,,,
28/12/2020,1395,602028,,16443,13572,489,1923,28198,13572,572013,557387,571674,13572,83329,2001,39,,,
29/12/2020,1410,603986,,16488,13477,499,1958,28657,13477,574021,558841,573681,13477,83505,1929,49,,,
30/12/2020,1554,605950,,16499,13514,363,1961,29219,13514,575937,560232,575595,13514,84213,2350,44,,,
31/12/2020,2036,608973,,16608,14638,873,3022,30241,14638,577727,562124,577382,14638,84939,2780,113,,,
01/01/2021,2321,612564,,16660,16355,1132,3588,31429,16355,579549,564475,579203,16355,85483,3041,135,,,
02/01/2021,2055,615902,,16724,16870,1165,3338,32548,16870,582308,566630,581961,16870,85863,3088,118,,,
03/01/2021,1492,618191,,16767,16620,753,2289,32646,16620,584804,568778,584457,16620,86032,2922,44,,,
04/01/2021,1751,620641,,16767,16626,645,2450,33153,16626,587248,570721,586900,16626,86280,2875,54,,,
05/01/2021,1885,623101,,16788,16885,519,2457,33912,16885,589428,572401,589081,16885,86496,2797,53,,,
06/01/2021,1896,625483,,16816,17239,439,2378,34569,17239,591428,574098,591081,17239,87278,3238,43,,,
07/01/2021,2614,629176,,16913,18679,944,3685,35866,18679,593584,576397,593235,18679,88126,3693,127,,,
08/01/2021,2685,633381,,16974,20259,1356,4201,37550,20259,596148,578857,595799,20259,88912,3997,160,,,
09/01/2021,2762,637742,,17037,20749,1428,4361,39348,20749,599956,581357,599604,20749,89545,4073,171,,,
10/01/2021,2663,641923,,17096,21613,1391,4181,41818,21613,603214,583009,602861,21613,90241,4323,127,,,
11/01/2021,2451,645892,,17162,22309,1363,3970,43864,22309,606421,584866,606055,22309,90567,4250,156,,,
12/01/2021,2043,649135,,17182,22798,1045,3238,45149,22798,609155,586804,608804,22798,90777,4071,150,,,
13/01/2021,2328,652525,,17204,23407,963,3394,46575,23407,611914,588746,611564,23407,91669,4427,103,,,
14/01/2021,2725,656712,,17294,24800,1302,4177,47739,24800,614618,591679,614267,24800,92526,4743,150,,,
15/01/2021,2899,661180,,17369,26088,1403,4471,48616,26088,617723,595195,617372,26088,93218,4829,169,,,
16/01/2021,2677,665493,,17435,25442,1471,4313,49591,25442,622616,598467,622321,25442,93957,4731,165,,,
17/01/2021,2777,669832,,17477,25429,1418,4340,51641,25429,626926,600714,626528,25429,94721,4882,145,,,
18/01/2021,2430,673750,,17547,25008,1354,3918,53109,25008,631195,603094,630818,25008,94921,4467,134,,,
19/01/2021,2283,677151,,17573,24246,1002,3400,54050,24246,635332,605528,634960,24246,95146,4135,115,,,
20/01/2021,2468,680740,,17594,23647,1010,3583,55257,23647,639499,607889,639091,23647,96118,4510,105,,,
21/01/2021,3049,685107,,17702,25048,1147,4363,55931,25048,642357,611474,642004,25048,97062,4872,167,,,
22/01/2021,3296,690066,,17786,26889,1497,4956,56685,26889,645391,615595,645035,26889,97834,5032,163,,,
23/01/2021,2760,694647,,17854,26633,1597,4550,56905,26633,650160,619888,649802,26633,98594,5056,193,,,
24/01/2021,2822,699110,,17933,26682,1438,4498,57187,26682,654495,623990,654101,26682,99339,5145,238,,,
25/01/2021,2534,703178,,17999,26475,1307,4068,57286,26475,658704,627893,658324,26475,99629,4758,227,,,
26/01/2021,2054,706500,,18023,25659,1099,3322,57365,25659,662818,631112,662460,25659,99815,4301,169,,,
27/01/2021,2423,709888,,18040,24690,849,3371,57363,24690,667158,634485,666799,24690,100741,4569,99,,,
28/01/2021,2896,714143,,18174,25259,1186,4260,57431,25259,670710,638538,670336,25259,101555,4691,178,,,
29/01/2021,2941,718749,,18257,26535,1447,4606,57569,26535,673957,642923,673582,26535,102381,4846,218,,,
30/01/2021,2622,722900,,18339,26594,1366,4160,57407,26594,677967,647154,677602,26594,103243,4808,172,,,
31/01/2021,2628,727109,,18452,26290,1362,4209,57277,26290,682367,651380,681981,26290,104001,4897,219,,,
01/02/2021,2278,730888,,18537,25589,1334,3779,57138,25589,686762,655213,686374,25589,104163,4394,167,,,
02/02/2021,2015,734035,,18559,24457,1021,3138,56884,24457,691019,658592,690653,24457,104431,4079,102,,,
03/02/2021,1828,736645,,18576,22739,687,2616,55905,22739,695330,662164,694960,22739,105236,4305,101,,,
04/02/2021,2456,740237,,18731,22887,1013,3589,55130,22887,698619,666376,698248,22887,106010,4453,120,,,
05/02/2021,2445,744019,,18808,23521,1188,3786,53953,23521,701690,671258,701315,23521,106633,4506,153,,,
06/02/2021,2616,748082,,18895,22791,1256,4063,53435,22791,706396,675752,706020,22791,107304,4363,191,,,
07/02/2021,2411,751886,,18974,22493,1221,3804,52776,22493,710419,680136,710029,22493,107738,4100,172,,,
08/02/2021,2191,755350,,19056,22194,1099,3464,52172,22194,714100,684122,713711,22194,107881,3655,174,,,
09/02/2021,1911,758189,,19084,21418,797,2829,51689,21418,717687,687416,717308,21418,108072,3282,121,,,
10/02/2021,1792,760576,,19105,20239,509,2399,50688,20239,721232,690783,720852,20239,108827,3511,98,,,
11/02/2021,2600,764307,,19262,21171,1000,3729,50164,21171,723874,694881,723493,21171,109434,3702,129,,,
12/02/2021,2756,768471,,19345,22799,1240,4169,49722,22799,726327,699404,725945,22799,109987,3813,173,,,
13/02/2021,2537,772395,,19443,22363,1191,3920,49495,22363,730589,703457,730204,22363,110590,3756,192,,,
14/02/2021,2502,776209,,19541,22484,1147,3815,49100,22484,734184,707568,733731,22484,111122,3781,166,,,
15/02/2021,2172,779541,,19624,22399,1038,3333,48653,22399,737518,711264,737126,22399,111242,3444,123,,,
16/02/2021,1782,782039,,19644,21539,635,2547,48004,21539,740856,714391,740465,21539,111422,3205,130,,,
17/02/2021,1779,784314,,19659,20958,437,2330,47669,20958,743697,716986,743306,20958,112289,3585,114,,,
18/02/2021,2596,788142,,19798,21636,990,3866,47905,21636,746708,720439,746314,21636,112536,3425,280,,,
19/02/2021,2470,791939,,19897,22728,1099,3827,47920,22728,749314,724122,748920,22728,113328,3779,258,,,
20/02/2021,2550,795845,,19974,22438,1175,3893,47763,22438,753433,728108,753037,22438,113899,3832,168,,,
21/02/2021,2410,799460,,20042,22202,1084,3618,47574,22202,757216,731844,756764,22202,114424,3885,124,,,
22/02/2021,2331,803009,,20126,21904,1009,3547,47659,21904,760979,735224,760577,21904,114485,3507,207,,,
23/02/2021,1563,805317,,20151,20848,648,2356,47128,20848,764318,738038,763904,20848,114687,3276,145,,,
24/02/2021,1998,807872,,20173,19970,468,2554,47296,19970,767729,740403,767332,19970,115588,3705,88,,,
25/02/2021,2913,812344,,20310,21383,1080,4181,48037,21383,770651,743997,770190,21383,117060,4690,188,61,316,0
26/02/2021,3210,816929,,20400,23178,1215,4586,48458,23178,773351,748071,772951,23178,118837,5977,161,179,339,75
27/02/2021,3088,821418,,20476,23585,1194,4523,49023,23585,777357,751919,776955,23585,119795,6217,241,242,343,58
28/02/2021,2612,825625,,20572,24106,1144,4208,49416,24106,780947,755637,780530,24106,119657,5465,452,239,349,2
01/03/2021,2732,829770,,20660,24466,1061,4082,50229,24466,784644,758881,784213,24466,121906,6726,289,345,352,42
02/03/2021,1963,832512,,20684,23721,643,2747,50473,23721,788107,761355,787700,23721,122904,6455,141,390,355,35
03/03/2021,2387,835552,,20704,23913,503,3053,51238,23913,790935,763610,790528,23913,124894,7195,163,493,357,88
04/03/2021,3192,840119,,20838,25051,1145,4567,51977,25051,794230,767304,793819,25051,126721,7688,230,577,361,76
05/03/2021,3671,845450,,20928,27317,1408,5325,53511,27317,797205,771011,796791,27317,128334,7957,246,687,368,95
06/03/2021,3508,850483,,21008,27523,1279,5037,54638,27523,801952,774837,801537,27523,129652,8014,250,734,370,55
07/03/2021,3562,855785,,21077,28557,1439,5280,56325,28557,806151,778383,805717,28557,131086,8302,279,832,377,70
08/03/2021,3157,860533,,21163,28987,1327,4733,57524,28987,810383,781846,809941,28987,131845,7728,249,906,384,60
09/03/2021,2464,864064,,21182,28371,919,3528,58747,28371,814511,784135,814088,28371,132714,7282,145,971,387,44
10/03/2021,3024,867949,,21206,27982,708,3958,60077,27982,818761,786666,818337,27982,135016,8237,226,1061,389,105
11/03/2021,3912,873512,,21362,30428,1282,5566,61168,30428,821722,790982,821294,30428,137255,9150,372,1162,391,85
12/03/2021,4123,879485,,21451,32707,1541,5983,62556,32707,825327,795478,824899,32707,139193,9633,319,1297,396,115
13/03/2021,4052,885379,,21574,32705,1520,5928,63961,32705,831100,799844,830698,32705,140835,9756,356,1399,403,102
14/03/2021,3911,891110,,21674,33290,1493,5734,65485,33290,836146,803951,835669,33290,142492,10031,330,1521,408,122
15/03/2021,3390,896231,,21772,33379,1362,5117,66461,33379,841080,807998,840668,33379,143392,9458,365,1607,416,83
16/03/2021,3303,900782,,21789,32867,1076,4591,68270,32867,846126,810723,845712,32867,144182,8808,212,1711,423,73
17/03/2021,3323,905212,,21816,31826,821,4395,69660,31826,851570,813736,851154,31826,146590,9855,251,1917,428,167
18/03/2021,4391,911469,,21988,34228,1426,6249,71350,34228,855253,818131,854827,34228,149029,10718,432,2101,431,142
19/03/2021,4482,918053,,22087,36433,1774,6604,72603,36433,859533,823363,859097,36433,151409,11490,348,2256,439,141
20/03/2021,4711,925089,,22180,37048,1872,7084,74606,37048,865861,828303,865413,37048,153307,11731,501,2424,445,157
21/03/2021,4590,931939,,22279,37958,1745,6836,76154,37958,871702,833506,871234,37958,155004,11958,501,2584,450,147
22/03/2021,4142,938094,,22359,38024,1547,6155,77561,38024,877711,838174,877189,38024,155939,11113,466,2725,457,142
23/03/2021,3532,942958,,22384,37304,1133,4948,78894,37304,883270,841680,882772,37304,156697,10675,283,2858,461,147
24/03/2021,3795,947783,,22402,36054,794,4826,79834,36054,889327,845547,888826,36054,159514,12060,237,3143,467,266
25/03/2021,4971,954762,,22524,38699,1568,7023,81250,38699,893539,850988,892973,38699,161535,12681,484,3339,472,211
26/03/2021,5206,962321,,22587,41151,1850,7626,82836,41151,898583,856898,897975,41151,163200,12985,570,3489,484,176
27/03/2021,5135,969913,,22653,41177,1884,7588,84534,41177,906083,862726,905435,41177,165060,12961,569,3662,492,180
28/03/2021,4787,977243,,22754,41767,1684,7326,86133,41767,912722,868356,912058,41767,166762,13129,855,3829,502,163
29/03/2021,4668,984484,,23070,42509,1739,7247,88253,42509,918905,873161,918446,42509,167233,12083,840,3974,517,154
30/03/2021,3427,989492,,23107,41335,1244,5394,88710,41335,925050,877675,924612,41335,167742,11275,723,4129,528,138
31/03/2021,4581,995538,,23135,40696,801,6053,90326,40696,931707,882077,931270,40696,169885,11976,671,4412,538,278
01/04/2021,5292,1003406,,23328,42915,1844,7830,91937,42915,937163,888141,936721,42915,172156,12371,694,4662,546,213
02/04/2021,5348,1011485,,23421,45202,2184,8112,93432,45202,942862,894632,942413,45202,173784,12566,580,4829,558,195
03/04/2021,5334,1019478,,23524,44584,2030,8028,94389,44584,951370,901565,950889,44584,175835,12687,664,5045,574,216
04/04/2021,4818,1026785,,23644,44261,1899,7304,94846,44261,958880,908295,958400,44261,176197,11402,587,5245,582,193
05/04/2021,4115,1032612,,23677,42794,1375,5807,94518,42794,966141,914417,965641,42794,176812,10430,317,5460,592,196
06/04/2021,4010,1037780,,23734,40904,857,5164,94822,40904,973142,919224,972645,40904,177348,9598,297,5675,602,212
07/04/2021,4194,1043022,,23796,38496,711,5134,95239,38496,980730,923987,980245,38496,181511,11654,229,6199,604,405
08/04/2021,5653,1051270,,23979,40514,1980,8195,96508,40514,986777,930783,986285,40514,184138,12688,562,6534,608,344
09/04/2021,6280,1060421,,24108,44143,2273,9171,98100,44143,992170,938213,991676,44143,186216,13186,618,6890,626,350
10/04/2021,5378,1068522,,24213,45413,2101,8124,98609,45413,998896,945700,998400,45413,187900,12991,645,7104,636,238
11/04/2021,5162,1076499,,24346,45792,2024,7945,99256,45792,1006361,952897,1005860,45792,189617,13197,759,7416,648,280
12/04/2021,4039,1082920,,24483,45021,1769,6372,98436,45021,1013416,960001,1012904,45021,190364,12532,564,7665,654,199
13/04/2021,3867,1088710,,24518,42761,1478,5718,99218,42761,1021431,964974,1020925,42761,190814,11495,373,7966,661,227
14/04/2021,4220,1094267,,24548,42278,953,5497,98729,42278,1027441,970990,1026934,42278,194323,13345,324,8483,663,456
15/04/2021,5171,1101698,,24766,43229,1661,7357,98292,43229,1033703,978640,1033189,43229,196909,14162,525,9010,676,457
16/04/2021,4990,1109311,,24923,46492,1995,7590,97826,46492,1037896,986562,1037539,46492,198980,14568,605,9411,682,376
17/04/2021,5167,1117348,,25055,45965,1968,7696,97870,45965,1046328,994423,1045807,45965,200792,14240,561,9842,693,393
18/04/2021,4686,1124718,,25177,45377,2034,7294,97933,45377,1054164,1001608,1053635,45377,202775,14427,574,10358,704,442
19/04/2021,4184,1131340,,25277,44701,2007,6643,98728,44701,1061362,1007335,1060826,44701,203286,13145,452,10627,719,292
20/04/2021,3457,1136435,,25317,42920,1304,5071,98655,42920,1068198,1012463,1067662,42920,203850,12128,310,10948,724,297
21/04/2021,3716,1141403,,25353,40686,908,4914,98381,40686,1075364,1017669,1074827,40686,205814,13028,290,11502,732,495
22/04/2021,4624,1148320,,25532,41128,1631,6832,97050,41128,1081660,1025738,1081117,41128,207676,13362,577,12078,740,493
23/04/2021,5038,1155902,,25641,44878,2022,7525,95481,44878,1085383,1034780,1084831,44878,209366,13471,465,12616,754,478
24/04/2021,4480,1162811,,25742,43577,1803,6796,94289,43577,1093492,1042780,1092934,43577,211049,13092,513,13137,766,407
25/04/2021,4386,1169536,,25856,43174,1746,6638,93037,43174,1100506,1050643,1099918,43174,212801,13082,506,13630,772,405
26/04/2021,3854,1175614,,25975,42195,1712,6078,92694,42195,1107444,1056945,1106862,42195,213156,11891,512,13948,779,321
27/04/2021,2863,1179772,,26020,39717,1028,4141,91062,39717,1114035,1062690,1113463,39717,213721,10904,250,14286,783,319
28/04/2021,3370,1184271,,26073,37481,754,4416,90004,37481,1120717,1068194,1120141,37481,216265,11906,292,14870,791,504
29/04/2021,4738,1190991,,26247,38388,1652,6889,89293,38388,1126356,1075451,1125761,38388,218257,12322,499,15474,819,518
30/04/2021,4842,1198245,,26353,41944,1964,7199,88934,41944,1129948,1082958,1129347,41944,219817,12393,393,16014,839,488
01/05/2021,4285,1204755,,26457,40865,1696,6469,87407,40865,1137433,1090891,1136816,40865,221513,12207,488,16447,869,411
02/05/2021,4115,1210920,,26561,40142,1569,6122,86202,40142,1144217,1098157,1143565,40142,222931,11956,438,16896,875,405
03/05/2021,3133,1215815,,26659,38732,1368,4874,84475,38732,1150424,1104681,1149795,38732,223121,10699,373,17187,887,269
04/05/2021,2303,1219064,,26696,36108,708,3198,82629,36108,1156260,1109739,1155630,36108,223616,9825,187,17546,901,310
05/05/2021,2919,1222949,,26726,34644,656,3791,81546,34644,1161579,1114677,1160945,34644,225985,10781,216,18189,907,580
06/05/2021,4291,1229248,,26895,35469,1603,6202,80928,35469,1166884,1121425,1166227,35469,227670,11004,308,18779,917,493
07/05/2021,4554,1235778,,27004,37663,1709,6574,79876,37663,1171111,1128898,1170437,37663,229213,11292,311,19315,924,615
08/05/2021,4251,1241976,,27101,36852,1572,6219,79165,36852,1178023,1135710,1177342,36852,230740,11095,396,19856,937,562
09/05/2021,3714,1247469,,27218,36406,1531,5521,77933,36406,1183845,1142318,1183155,36406,232126,11015,276,20366,944,541
10/05/2021,3478,1252808,,27318,35954,1442,5357,77194,35954,1189536,1148296,1188831,35954,232541,10062,437,20747,949,399
11/05/2021,2722,1256546,,27356,34564,802,3771,76774,34564,1194626,1152416,1193927,34564,232883,9200,247,21090,957,376
12/05/2021,3221,1260448,,27384,32932,573,3920,76177,32932,1200132,1156887,1199432,32932,235269,10358,126,21858,966,788
13/05/2021,4355,1266601,,27520,34192,1440,6181,75610,34192,1204889,1163471,1204176,34192,237199,10976,386,22528,975,698
14/05/2021,4524,1273516,,27647,36746,1901,6903,75271,36746,1209123,1170598,1208396,36746,238723,11318,478,23135,981,626
15/05/2021,4733,1280252,,27734,36964,1609,6769,75497,36964,1215554,1177021,1214817,36964,240456,11423,427,23776,991,674
16/05/2021,4406,1286548,,27832,37617,1542,6320,75628,37617,1221099,1183088,1220351,37617,242288,11887,372,24369,995,615
17/05/2021,3645,1292096,,27934,37560,1431,5566,76281,37560,1226602,1187881,1225846,37560,242648,10986,490,24778,1007,427
18/05/2021,2908,1295862,,27965,36097,730,3787,76798,36097,1231800,1191099,1231047,36097,243029,10141,149,25256,1012,500
19/05/2021,3837,1300629,,27997,35294,720,4778,77680,35294,1237338,1194952,1236581,35294,245644,11462,221,26202,1017,955
20/05/2021,5394,1308311,,28169,37901,1709,7680,79063,37901,1242241,1201079,1241426,37901,247897,12479,577,26998,1022,795
21/05/2021,5145,1315913,,28290,40849,1943,7614,80135,40849,1246774,1207488,1245988,40849,249780,13065,526,27746,1032,760
22/05/2021,5104,1323413,,28386,41261,1873,7514,81437,41261,1253766,1213590,1252970,41261,251615,13170,537,28497,1042,763
23/05/2021,4273,1329918,,28518,41510,1679,6519,82449,41510,1259890,1218951,1259080,41510,252024,12059,567,29105,1054,623
24/05/2021,3952,1335261,,28548,40780,1047,5374,82453,40780,1265933,1224260,1265116,40780,252770,11212,375,29705,1061,629
25/05/2021,3219,1339421,,28585,39243,733,4188,82875,39243,1271593,1227961,1270769,39243,253402,10466,236,30270,1063,594
26/05/2021,4182,1344618,,28624,38145,748,5176,84170,38145,1277849,1231824,1277019,38145,256081,11728,246,31281,1068,1034
27/05/2021,5769,1352723,,28809,40510,1852,8117,86122,40510,1283404,1237792,1282561,40510,258401,12548,496,32225,1077,957
28/05/2021,5900,1361381,,28928,43793,2238,8680,87865,43793,1288660,1244588,1287804,43793,260367,13104,542,33107,1097,908
29/05/2021,5703,1369756,,29047,44186,2115,8426,89504,44186,1296523,1251205,1295646,44186,262284,13071,608,33961,1102,904
30/05/2021,5295,1377507,,29168,44928,2012,7772,90959,44928,1303411,1257380,1302518,44928,263966,13238,465,34769,1114,829
31/05/2021,4489,1384346,,29300,45104,1827,6882,92250,45104,1309942,1262796,1309040,45104,264334,12159,566,35340,1123,613
01/06/2021,3571,1389357,,29344,43239,1109,5040,93495,43239,1316774,1266518,1315860,43239,264978,11462,360,35969,1133,658
02/06/2021,4339,1394973,,29385,43069,979,5631,94344,43069,1322519,1271244,1321600,43069,267712,12759,313,36947,1141,993
03/06/2021,5715,1403101,,29598,44913,1874,8150,94790,44913,1328590,1278713,1327643,44913,270033,13425,561,37955,1147,1031
04/06/2021,5827,1411346,,29696,47051,1970,8273,95433,47051,1334599,1286217,1333631,47051,272135,13946,476,38950,1154,1022
05/06/2021,5959,1420266,,29816,47388,2186,8867,96853,47388,1343062,1293597,1342080,47388,274230,13980,722,40006,1165,1050
06/06/2021,5094,1427956,,29937,49356,2041,7768,98038,49356,1348663,1299981,1347676,49356,276280,14178,633,40877,1173,906
07/06/2021,4459,1434884,,30058,48596,1842,6958,99623,48596,1356230,1305203,1355224,48596,276850,13049,657,41472,1183,628
08/06/2021,3863,1440417,,30104,46874,1284,5568,100996,46874,1363439,1309317,1362431,46874,277375,11995,421,42063,1192,627
09/06/2021,4196,1445770,,30141,44757,837,5369,101152,44757,1370872,1314477,1369856,44757,279942,13113,336,43117,1201,1072
10/06/2021,5396,1453478,,30339,45774,1735,7716,100755,45774,1377365,1322384,1376335,45774,282369,13911,585,44042,1211,935
11/06/2021,5413,1461419,,30472,47777,2017,7972,100038,47777,1383170,1330909,1382124,47777,284342,14349,542,44951,1225,940
12/06/2021,5143,1468992,,30579,46337,1953,7624,99236,46337,1392076,1339177,1391016,46337,286303,14215,528,45810,1237,911
13/06/2021,4984,1476473,,30707,45506,1951,7529,98966,45506,1400260,1346800,1399187,45506,288034,13990,594,46587,1244,824
14/06/2021,4012,1482663,,30804,44217,1691,6234,98317,44217,1407642,1353542,1406555,44217,288622,12795,531,47154,1258,613
15/06/2021,3213,1487239,,30865,41868,1098,4607,97882,41868,1414506,1358492,1413414,41868,289261,11809,296,47688,1263,564
16/06/2021,3574,1491561,,30922,39176,574,4347,96588,39176,1421463,1364051,1420365,39176,291867,12681,199,48598,1268,937
17/06/2021,4620,1498231,,31140,39698,1575,6683,95130,39698,1427393,1371961,1426275,39698,293912,12928,488,49351,1274,767
18/06/2021,4542,1505001,,31259,41091,1741,6770,93655,41091,1432651,1380087,1431515,41091,295672,13024,487,50065,1325,762
19/06/2021,4224,1511275,,31392,39834,1611,6263,91009,39834,1440049,1388874,1439182,39834,297309,12654,428,50796,1366,754
20/06/2021,3935,1517018,,31513,38630,1416,5753,89062,38630,1446875,1396443,1445703,38630,298903,12512,402,51429,1409,678
21/06/2021,3452,1522223,,31645,37284,1336,5252,87339,37284,1453294,1403239,1452108,37284,299242,11200,464,51894,1416,514
22/06/2021,2419,1525663,,31690,36114,829,3464,85246,36114,1457859,1408727,1456672,36114,299720,10200,216,52245,1424,373
23/06/2021,2165,1528409,,31746,32507,436,2768,82639,32507,1464156,1414024,1462966,32507,300412,9378,167,52733,1430,513
24/06/2021,2760,1531872,,31797,30735,515,3448,78394,30735,1469340,1421681,1468137,30735,302750,10069,173,53472,1463,752
25/06/2021,3933,1537471,,32012,31897,1338,5628,76052,31897,1473562,1429407,1472337,31897,304333,10255,357,54038,1469,596
26/06/2021,3540,1542642,,32163,30389,1334,5208,73650,30389,1480090,1436829,1478841,30389,305641,9832,334,54563,1485,566
27/06/2021,3032,1547103,,32298,29118,1228,4488,70630,29118,1485687,1444175,1484410,29118,306818,9608,228,54986,1491,450
28/06/2021,2596,1551137,,32454,27847,1192,4075,68474,27847,1490836,1450209,1489537,27847,307170,8625,287,55281,1500,338
29/06/2021,1827,1553774,,32489,25688,579,2648,66535,25688,1495597,1454750,1494284,25688,307484,7743,242,55589,1507,320
30/06/2021,1676,1555902,,32545,23242,354,2148,64341,23242,1500115,1459016,1498792,23242,307959,7072,118,55924,1510,355
01/07/2021,2033,1558557,,32588,22224,493,2677,60326,22224,1503745,1465643,1502411,22224,309735,7656,151,56441,1516,540
02/07/2021,2825,1562613,,32809,22739,1017,4086,57612,22739,1507065,1472192,1505708,22739,311036,7810,244,56819,1520,405
03/07/2021,2659,1566461,,32973,22809,1030,3880,55186,22809,1510679,1478302,1509297,22809,312097,7669,191,57227,1532,443
04/07/2021,2253,1569784,,33103,21709,907,3368,52766,21709,1514972,1483915,1513495,21709,313057,7415,208,57578,1540,396
05/07/2021,1803,1572608,,33249,20647,811,2852,50385,20647,1518712,1488974,1517303,20647,313196,6519,238,57795,1546,248
06/07/2021,1309,1574465,,33288,18883,455,1885,48802,18883,1522294,1492375,1520879,18883,313462,5829,121,57992,1553,220
07/07/2021,1437,1576336,,33328,17357,359,1892,47927,17357,1525651,1495081,1524232,17357,314963,6396,96,58377,1555,404
08/07/2021,2160,1579591,,33514,17590,853,3193,47719,17590,1528487,1498358,1527050,17590,315893,6351,180,58735,1557,366
09/07/2021,1882,1582391,,33636,18027,832,2906,44920,18027,1530728,1503835,1529269,18027,316732,6355,192,58981,1569,279
10/07/2021,1748,1585160,,33767,17843,811,2696,42518,17843,1533550,1508875,1532078,17843,317378,6035,137,59226,1569,265
11/07/2021,1442,1587478,,33877,17043,737,2330,40375,17043,1536558,1513226,1535072,17043,317898,5887,151,59452,1579,241
12/07/2021,1310,1589623,,33980,16325,685,2160,38486,16325,1539318,1517157,1537815,16325,317531,5196,165,59596,1589,162
13/07/2021,910,1590887,,34016,14766,292,1278,37113,14766,1542105,1519758,1540595,14766,317583,4556,76,59746,1593,166
14/07/2021,966,1592130,,34049,13403,208,1227,36228,13403,1544678,1521853,1543171,13403,317752,4722,53,60012,1633,284
15/07/2021,1512,1594496,,34207,13569,680,2336,35939,13569,1546720,1524350,1545186,13569,318252,4505,144,60231,1634,244
16/07/2021,1301,1596549,,34309,13652,579,2031,33936,13652,1548588,1528304,1547042,13652,318575,4356,151,60396,1638,194
17/07/2021,1148,1598481,,34403,12863,623,1874,32020,12863,1551215,1532058,1549660,12863,319001,4054,103,60600,1641,221
18/07/2021,881,1599879,,34514,12671,437,1419,30095,12671,1552694,1535270,1551119,12671,319075,3549,101,60700,1642,118
19/07/2021,679,1600883,,34539,11575,265,1015,28275,11575,1554769,1538069,1553145,11575,319249,3098,71,60810,1647,123
20/07/2021,625,1601858,,34569,10400,197,902,27393,10400,1556889,1539896,1555294,10400,319377,2764,80,60917,1651,128
21/07/2021,776,1602854,,34611,9461,173,989,26518,9461,1558782,1541725,1557199,9461,320191,3110,40,61187,1654,277
22/07/2021,1273,1604713,,34792,9647,491,1861,25122,9647,1560274,1544799,1558669,9647,320751,3172,97,61388,1654,215
23/07/2021,1112,1606358,,34875,9970,454,1656,23967,9970,1561513,1547516,1559891,9970,321118,3193,90,61566,1663,191
24/07/2021,954,1607749,,34958,9399,381,1407,22589,9399,1563392,1550202,1561758,9399,321595,3150,72,61748,1669,199
25/07/2021,948,1609177,,35026,9227,407,1446,21699,9227,1564924,1552452,1563280,9227,321957,3152,91,61887,1672,156
26/07/2021,723,1610345,,35119,8794,360,1185,20722,8794,1566432,1554504,1564777,8794,322080,2898,102,61989,1676,119
27/07/2021,527,1611090,,35151,8141,174,753,20203,8141,1567798,1555736,1566138,8141,322207,2696,52,62106,1678,124
28/07/2021,638,1611917,,35176,7842,158,828,19787,7842,1568899,1556954,1567236,7842,322787,2971,32,62323,1679,218
29/07/2021,916,1613288,,35295,8017,381,1383,18792,8017,1569976,1559201,1568294,8017,323155,2931,86,62475,1683,164
30/07/2021,882,1614629,,35366,8593,399,1355,18080,8593,1570670,1561183,1568981,8593,323504,2914,74,62587,1685,127
31/07/2021,762,1615771,,35448,8125,296,1152,17290,8125,1572198,1563033,1570492,8125,323818,2728,94,62743,1687,166
01/08/2021,756,1616942,,35528,7874,360,1185,17063,7874,1573540,1564351,1571788,7874,324091,2574,69,62856,1692,126
02/08/2021,584,1617852,,35616,7504,251,921,16969,7504,1574732,1565267,1573007,7504,324205,2324,86,62941,1695,96
03/08/2021,395,1618457,,35640,6914,173,616,16599,6914,1575903,1566218,1574176,6914,324344,2163,48,63006,1697,75
04/08/2021,505,1619183,,35671,6402,127,674,16329,6402,1577110,1567183,1575377,6402,324956,2464,42,63171,1702,169
05/08/2021,863,1620389,,35806,6591,287,1223,15676,6591,1577992,1568907,1576242,6591,324887,2514,73,63309,1705,157
06/08/2021,738,1621571,,35880,7125,343,1147,15213,7125,1578566,1570478,1576801,7125,325135,2433,66,63434,1716,137
07/08/2021,602,1622509,,35951,6804,284,940,14760,6804,1579754,1571798,1577982,6804,325477,2397,54,63528,1726,99
08/08/2021,452,1623363,,36016,6379,270,868,14186,6379,1580968,1573161,1579137,6379,325407,1963,146,63536,1730,21
09/08/2021,557,1624316,,36107,6261,241,871,13971,6261,1581948,1574238,1580173,6261,325902,2137,73,63689,1735,71
10/08/2021,309,1624823,,36138,5778,165,514,13733,5778,1582907,1574952,1581129,5778,325989,1969,40,63751,1739,68
11/08/2021,430,1625456,,36157,5489,103,584,13539,5489,1583810,1575760,1582029,5489,326472,2184,51,63906,1740,160
12/08/2021,744,1626594,,36243,5744,276,1128,13306,5744,1584607,1577045,1582781,5744,326782,2193,108,64011,1748,123
13/08/2021,578,1627428,,36287,6105,226,882,12799,6105,1585036,1578342,1583180,6105,327040,2168,78,64087,1752,95
14/08/2021,541,1628293,,36331,5854,266,877,12522,5854,1586108,1579440,1584227,5854,327283,2087,70,64167,1755,91
15/08/2021,600,1629192,,36380,5728,234,904,12250,5728,1587084,1580562,1585156,5728,327515,2036,70,64261,1757,99
16/08/2021,449,1629932,,36420,5573,216,754,12080,5573,1587939,1581432,1585995,5573,327605,1885,89,64321,1759,73
17/08/2021,278,1630330,,36438,5160,92,405,11873,5160,1588732,1582019,1586798,5160,327675,1724,35,64357,1763,45
18/08/2021,399,1630831,,36456,4812,84,503,11648,4812,1589563,1582727,1587619,4812,328042,1865,20,64491,1766,139
19/08/2021,584,1631689,,36524,4933,263,899,11300,4933,1590232,1583865,1588236,4933,328303,1931,52,64571,1768,85
20/08/2021,514,1632441,,36566,5324,203,763,10870,5324,1590551,1585005,1588536,5324,328515,1975,46,64649,1770,85
21/08/2021,476,1633153,,36605,5024,173,698,10644,5024,1591524,1585904,1589484,5024,328746,1909,49,64728,1772,87
22/08/2021,429,1633816,,36650,4853,168,679,10453,4853,1592313,1586713,1590252,4853,328972,1880,82,64812,1776,94
23/08/2021,382,1634394,,36688,4625,154,591,10078,4625,1593081,1587628,1590973,4625,329054,1705,55,64847,1779,50
24/08/2021,245,1634774,,36701,4423,116,387,9951,4423,1593650,1588122,1591555,4423,329101,1535,26,64886,1778,45
25/08/2021,279,1635173,,36718,4115,85,392,9717,4115,1594340,1588738,1592238,4115,329476,1687,28,64969,1778,86
26/08/2021,505,1635958,,36778,4327,234,801,9364,4327,1594853,1589816,1592707,4327,329670,1643,62,65019,1782,66
27/08/2021,426,1636627,,36807,4453,189,672,9199,4453,1595367,1590621,1593188,4453,329867,1624,57,65087,1783,71
28/08/2021,376,1637234,,36841,4206,185,607,8941,4206,1596187,1591452,1593985,4206,330044,1546,46,65156,1783,69
29/08/2021,368,1637829,,36885,4143,177,603,8637,4143,1596801,1592307,1594585,4143,330220,1515,58,65233,1785,87
30/08/2021,295,1638330,,36923,3982,136,512,8398,3982,1597425,1593009,1595170,3982,330299,1382,81,65274,1784,50
31/08/2021,214,1638675,,36937,3749,71,315,8345,3749,1597989,1593393,1595747,3749,330275,1196,30,65330,1804,46
01/09/2021,267,1639123,,36945,3568,85,375,8292,3568,1598610,1593886,1596357,3568,330551,1311,23,65409,1805,87
02/09/2021,381,1639698,,36995,3648,175,594,8009,3648,1599055,1594694,1596763,3648,330787,1381,38,65443,1806,53
03/09/2021,321,1640192,,37041,3717,142,504,7751,3717,1599434,1595400,1597118,3717,330962,1343,41,65484,1809,51
04/09/2021,295,1640666,,37067,3486,144,477,7513,3486,1600113,1596086,1597772,3486,331157,1312,38,65536,1811,55
05/09/2021,261,1641091,,37090,3342,139,430,7275,3342,1600659,1596726,1598293,3342,331286,1265,30,65576,1810,48
06/09/2021,252,1641526,,37108,3235,138,435,7132,3235,1601183,1597286,1598800,3235,331327,1136,45,65604,1812,36
07/09/2021,156,1641791,,37115,3012,93,273,7017,3012,1601664,1597659,1599267,3012,331379,1043,24,65632,1814,34
08/09/2021,241,1642146,,37122,2910,87,358,6973,2910,1602114,1598051,1599708,2910,331601,1124,30,65698,1816,70
09/09/2021,316,1642646,,37159,2996,154,515,6688,2996,1602491,1598799,1600055,2996,331744,1126,45,65734,1817,49
10/09/2021,324,1643156,,37178,3156,150,518,6529,3156,1602822,1599449,1600353,3156,331878,1126,44,65791,1821,65
11/09/2021,310,1643630,,37201,3166,146,489,6396,3166,1603263,1600033,1600771,3166,332019,1081,33,65839,1824,64
12/09/2021,200,1644071,,37232,3061,151,449,6242,3061,1603778,1600597,1601269,3061,331995,917,98,65847,1827,17
13/09/2021,230,1644540,,37253,3160,147,426,6210,3160,1604127,1601077,1601589,3160,332214,999,49,65938,1827,47
14/09/2021,179,1644832,,37253,3086,100,297,6157,3086,1604493,1601422,1601955,3086,332256,930,18,65980,1827,47
15/09/2021,288,1645233,,37261,3026,91,408,6110,3026,1604946,1601862,1602392,3026,332485,1026,29,66058,1829,86
16/09/2021,352,1645820,,37293,3223,187,604,6122,3223,1605304,1602405,1602703,3223,332654,1087,65,66103,1829,60
17/09/2021,351,1646403,,37318,3460,181,594,6211,3460,1605625,1602874,1603006,3460,332800,1117,62,66158,1830,67
18/09/2021,349,1646994,,37339,3507,190,610,6328,3507,1606148,1603327,1603507,3507,332882,1062,71,66196,1833,56
19/09/2021,283,1647469,,37359,3504,168,491,6378,3504,1606606,1603732,1603934,3504,332941,1000,40,66234,1833,53
20/09/2021,198,1647746,,37367,3343,62,280,6220,3343,1607036,1604159,1604353,3343,332994,906,20,66277,1834,46
21/09/2021,207,1648026,,37374,3246,57,291,6235,3246,1607406,1604417,1604718,3246,333045,836,27,66327,1835,64
22/09/2021,391,1648550,,37379,3297,84,526,6404,3297,1607874,1604767,1605171,3297,333359,1033,51,66460,1837,136
23/09/2021,583,1649409,,37410,3675,218,886,6763,3675,1608324,1605236,1605568,3675,333577,1134,85,66532,1840,99
24/09/2021,532,1650238,,37423,4075,245,852,7082,4075,1608740,1605733,1605948,4075,333800,1264,75,66597,1843,88
25/09/2021,493,1650985,,37432,4237,211,783,7355,4237,1609316,1606198,1606490,4237,334046,1386,79,66671,1846,100
26/09/2021,485,1651750,,37440,4486,206,775,7679,4486,1609824,1606631,1606961,4486,334328,1533,84,66735,1848,81
27/09/2021,424,1652364,,37445,4526,156,640,7824,4526,1610393,1607095,1607496,4526,334396,1468,60,66775,1849,64
28/09/2021,250,1652795,,37449,3851,102,454,7963,3851,1611495,1607383,1608584,3851,334338,1171,102,66769,1850,18
29/09/2021,385,1653406,,37455,4021,103,525,8173,4021,1611930,1607778,1609007,4021,334695,1407,37,66915,1850,116
30/09/2021,532,1654264,,37468,4295,287,895,8444,4295,1612501,1608352,1609512,4295,334924,1444,76,66979,1851,101
01/10/2021,548,1655071,,37476,4269,230,846,8668,4269,1613326,1608927,1610314,4269,335168,1448,68,67042,1855,103
02/10/2021,525,1655884,,37484,4334,240,853,8890,4334,1614066,1609510,1611035,4334,335375,1460,88,67092,1856,89
03/10/2021,486,1656602,,37494,4367,191,752,9133,4367,1614741,1609975,1611676,4367,335389,1417,75,67143,1861,86
04/10/2021,396,1657256,,37500,4311,195,673,9510,4311,1615445,1610246,1612348,4311,335593,1304,82,67181,1861,53
05/10/2021,351,1657749,,37506,4110,100,503,9723,4110,1616133,1610520,1613029,4110,335686,1226,52,67261,1864,93
06/10/2021,503,1658444,,37512,4293,131,714,9894,4293,1616639,1611038,1613524,4293,335985,1336,80,67418,1863,176
07/10/2021,639,1659386,,37533,4607,217,981,9977,4607,1617246,1611876,1614090,4607,336231,1417,125,67502,1863,121
08/10/2021,684,1660372,,37542,4725,232,1037,10134,4725,1618105,1612696,1614917,4725,336468,1420,121,67577,1866,126
09/10/2021,674,1661370,,37554,4968,239,1033,10385,4968,1618848,1613431,1615629,4968,336716,1503,120,67714,1869,171
10/10/2021,732,1662433,,37564,5290,265,1105,10683,5290,1619579,1614186,1616329,5290,336937,1531,108,67853,1872,182
11/10/2021,629,1663383,,37571,5496,249,996,11019,5496,1620316,1614793,1617035,5496,336993,1437,118,67898,1872,90
12/10/2021,414,1663992,,37574,5335,133,634,11197,5335,1621083,1615221,1617792,5335,337089,1356,87,67983,1877,110
13/10/2021,577,1664725,,37578,5339,117,766,11319,5339,1621808,1615828,1618500,5339,337229,1312,72,68111,1878,162
14/10/2021,831,1665916,,37583,5808,233,1223,11652,5808,1622525,1616681,1619203,5808,337643,1537,159,68341,1879,261
15/10/2021,1063,1667547,,37594,6322,418,1703,12476,6322,1623631,1617477,1620240,6322,337980,1670,222,68512,1882,244
16/10/2021,1104,1669236,,37597,6992,412,1774,13352,6992,1624647,1618287,1621210,6992,338271,1762,258,68671,1883,243
17/10/2021,972,1670750,,37609,7504,377,1562,14148,7504,1625637,1618993,1622168,7504,338577,1880,213,68855,1887,235
18/10/2021,841,1672065,,37620,7789,333,1357,14809,7789,1626656,1619636,1623157,7789,338732,1838,183,68996,1891,183
19/10/2021,682,1672998,,37623,7690,201,966,15249,7690,1627685,1620126,1624180,7690,338901,1835,83,69159,1894,197
20/10/2021,898,1674226,,37628,7934,173,1206,15782,7934,1628664,1620816,1625139,7934,339399,2141,135,69405,1893,292
21/10/2021,1198,1676019,,37640,8591,423,1842,16633,8591,1629788,1621746,1626200,8591,339835,2362,221,69648,1896,294
22/10/2021,1383,1678023,,37651,9341,493,2086,17651,9341,1631031,1622721,1627411,9341,340266,2526,210,69868,1897,300
23/10/2021,1303,1680017,,37662,9570,498,2056,18647,9570,1632785,1623708,1629125,9570,340474,2587,255,70092,1900,286
24/10/2021,1266,1681828,,37669,9849,402,1882,19395,9849,1634310,1624764,1630613,9849,340836,2694,214,70297,1906,277
25/10/2021,1062,1683451,,37685,9973,422,1677,20068,9973,1635793,1625698,1632077,9973,340955,2498,193,70446,1908,204
26/10/2021,835,1684608,,37691,9674,245,1201,20616,9674,1637243,1626301,1633518,9674,341155,2373,121,70627,1910,224
27/10/2021,1288,1686318,,37697,10025,293,1753,21593,10025,1638596,1627028,1634860,10025,341680,2562,172,70980,1912,397
28/10/2021,1437,1688454,,37719,10800,476,2205,22538,10800,1639935,1628197,1636151,10800,342213,2804,292,71287,1915,377
29/10/2021,1643,1690735,,37729,11113,514,2379,23188,11113,1641893,1629818,1638077,11113,342642,2818,222,71558,1922,370
30/10/2021,1427,1692877,,37743,11388,521,2230,23641,11388,1643746,1631493,1639895,11388,343091,2878,282,71793,1926,324
31/10/2021,1421,1695048,,37757,11620,537,2250,24298,11620,1645671,1632993,1641786,11620,343438,2992,292,72013,1930,300
01/11/2021,1149,1696786,,37777,11602,412,1806,24721,11602,1647407,1634288,1643486,11602,343580,2786,245,72148,1933,203
02/11/2021,932,1698127,,37782,11169,283,1390,25129,11169,1649176,1635216,1645245,11169,343714,2593,175,72305,1936,207
03/11/2021,1000,1699427,,37790,10801,248,1360,25201,10801,1650836,1636436,1646888,10801,343858,2434,112,72553,1936,307
04/11/2021,1507,1701316,,37794,11141,250,1953,25297,11141,1652381,1638225,1648422,11141,344482,2726,196,72955,1940,469
05/11/2021,1760,1703826,,37814,11291,570,2601,25803,11291,1654721,1640209,1650696,11291,345136,2937,271,73324,1942,459
06/11/2021,1875,1706622,,37841,11896,677,2895,26605,11896,1656885,1642176,1652817,11896,345673,3127,343,73676,1941,450
07/11/2021,1797,1709189,,37862,12516,632,2682,27361,12516,1658811,1643966,1654720,12516,346198,3272,253,73946,1947,386
08/11/2021,1570,1711442,,37879,12717,575,2367,27991,12717,1660846,1645572,1656720,12717,346375,3142,222,74120,1958,288
09/11/2021,1251,1713188,,37883,12588,395,1800,28580,12588,1662717,1646725,1658579,12588,346635,3055,154,74349,1960,281
10/11/2021,1710,1715352,,37895,13261,342,2229,29034,13261,1664196,1648423,1660049,13261,347512,3559,177,74764,1963,483
11/11/2021,1848,1718085,,37917,14291,707,2833,29631,14291,1665877,1650537,1661679,14291,348223,3929,278,75079,1965,415
12/11/2021,1896,1721025,,37936,14913,724,2950,30290,14913,1668176,1652799,1663940,14913,348794,4027,330,75381,1967,388
13/11/2021,1790,1723728,,37951,14971,644,2712,30851,14971,1670806,1654926,1666545,14971,349404,4083,278,75723,1979,419
14/11/2021,1811,1726481,,37975,15109,683,2835,31433,15109,1673397,1657073,1669109,15109,349919,4098,341,75983,1986,344
15/11/2021,1476,1728767,,38001,14909,616,2377,31981,14909,1675857,1658785,1671535,14909,350113,3819,285,76132,2005,240
16/11/2021,1196,1730456,,38005,14264,353,1741,32329,14264,1678187,1660122,1673856,14264,350217,3395,192,76318,2006,237
17/11/2021,1541,1732576,,38016,14306,381,2104,33149,14306,1680254,1661411,1675915,14306,350951,3580,182,76690,2009,424
18/11/2021,1716,1735187,,38049,14715,663,2640,33871,14715,1682423,1663267,1678015,14715,351443,3594,261,76967,2009,366
19/11/2021,1784,1737885,,38079,14508,656,2679,34059,14508,1685298,1665747,1680853,14508,351775,3340,239,77269,2015,367
20/11/2021,1838,1740496,,38094,14398,602,2696,33874,14398,1688004,1668528,1683538,14398,352183,3229,256,77568,2017,385
21/11/2021,1844,1743137,,38117,14594,641,2711,33948,14594,1690426,1671072,1685925,14594,352628,3145,226,77887,2022,390
22/11/2021,1469,1745305,,38149,14472,565,2252,33863,14472,1692684,1673293,1688158,14472,352743,2838,218,78080,2028,276
23/11/2021,1221,1747065,,38161,13592,352,1700,33877,13592,1695312,1675027,1690773,13592,352830,2543,127,78325,2031,297
24/11/2021,1518,1749099,,38175,13659,306,1937,33747,13659,1697265,1677177,1692719,13659,353443,2791,113,78774,2035,504
25/11/2021,1754,1751769,,38218,14393,656,2641,33684,14393,1699158,1679867,1694568,14393,355704,2409,231,86862,2043,467
26/11/2021,1709,1754443,,38245,14250,709,2692,33418,14250,1701948,1682780,1697385,14250,355625,1967,274,87313,2052,472
27/11/2021,1759,1757077,,38282,14448,640,2667,33349,14448,1704347,1685446,1699765,14448,355503,1531,268,87762,2059,482
28/11/2021,1517,1759405,,38313,14433,638,2361,32924,14433,1706659,1688168,1701981,14433,355402,1118,206,88147,2067,416
29/11/2021,1211,1761365,,38343,14101,545,1979,32598,14101,1708921,1690424,1704210,14101,355295,758,223,88378,2074,251
