[
    {
        "nombre": "a",
        "A": 100,
        "B": 200
    },
    {
        "nombre": "b",
        "A": 120,
        "B": 160
    },
    {
        "nombre": "c",
        "A": 140,
        "B": 340
    },
    {
        "nombre": "d",
        "A": 540,
        "B": 90
    },
    {
        "nombre": "e",
        "A": 250,
        "B": 230
    },
    {
        "nombre": "f",
        "A": 120,
        "B": 165
    },
    {
        "nombre": "g",
        "A": 150,
        "B": 40
    },
    {
        "nombre": "h",
        "A": 140,
        "B": 23
    }
]